'pGhdb3T4X7c','R7OceBJjMiG','LAST'
'jEi4BmcC1lQ','gMEnMt5sTNZ','LAST'
'JOUursfD7zq','wUYIHjEgYkH','LAST'
'zxknNuCnr7I','PlMMOW5HjES','LAST'
'aXWVmN1XCg5','CiY3eodsB9Z','LAST'
'Su09zWfAKNL','qzOBTn2a8mT','LAST'
'KDrbgczJQMD','oKiKkrLyUk6','LAST'
'H7BI74IyVgU','oilJJQVQtCr','LAST'
'utJP3XwBsyX','gwncQ8cWHtV','LAST'
'MWGwkYfKPJQ','N6VD7qL1wyO','LAST'
'fMCXR55AoNS','h2cTu9e80X3','LAST'
'eRrw7ilt8JN','h2cTu9e80X3','LAST'
'hvVPwi7h2DO','WTKPUtVBPbI','LAST'
'QwiUnJqbTv','BCNNFYQFZL9','LAST'
